题目ID,学科一级分类,学科二级分类,题目难度,任务概要,涉及的专业软件,包含的操作类型,任务prompt‼️,输入数据包（压缩包）‼️,reference（压缩包）‼️,关键标准答案‼️,关键动作,评分表（直接输入内容或使用txt文档）‼️,本项任务的环境依赖,相关专业软件的关键步骤,任务规格转化（excel或txt文档）,初标是否已完成,生产专家,完成日期
,"Computing, Data & Mathematical Sciences 计算、数据与数学科学",基础设施工程与云运维,高,港口边缘站无法访问公网仓库，平台组需要把现有单体发布包整理成可随离线介质交接的Helm Chart。工作内容包括锁定本地依赖、按组件目录配置镜像摘要和端口、为不同站点角色生成清单，并整理现场交接表。Helm负责依赖构建、值合并、Schema检查和清单渲染，现场值班据此准备部署介质，平台组也能在组件调整时更新同一份发布包。,Helm,领域专业软件操作、文件和数据处理、脚本/命令/程序化处理、结果验证,"新建港口边缘站即将入场，现场无法访问公网镜像或Chart仓库。平台组需要把现有单体发布包整理成可离线交接的Helm包，供现场值班按站点角色准备部署清单。

材料都在input_data。component_catalog.json记录允许使用的镜像摘要和端口，profile_contract.json记录站点角色，vendor_sources提供本地子Chart，baseline/starter是当前版本。请根据这些材料核对现状，建立本地依赖，填入组件值，并整理各站点的values。处理期间不访问外部仓库或Kubernetes集群。

使用Helm完成依赖构建、lint和template。交付output/chart/harbor-edge-stack、output/rendered和output/reports/site_handoff.csv。离线包应能从本地子Chart重新建立依赖；每个站点只渲染该角色启用的组件，镜像和端口与组件目录一致；交接表列出站点、组件、工作负载、服务、镜像和服务端口。",输入数据包.zip,reference.zip,关键标准答案.xlsx,"读取组件目录、站点角色、本地子Chart和现有发布包
对照现有Chart定位公网镜像、单体模板和依赖缺口
建立本地依赖并把组件镜像摘要与端口写入values和Schema
使用Helm构建依赖，对各站点values执行lint和template
从渲染清单整理现场交接表，核对组件、工作负载、服务、镜像和端口","检查项：交付目录完整
优先级：Gate项
所属层级：L1任务指令遵循层
标准答案：交付包含output/chart/harbor-edge-stack、output/rendered下各站点角色的YAML，以及output/reports/site_handoff.csv。文件均可读取，Chart和CSV结构有效。
关键字段：交付路径、Chart.yaml、Chart.lock、values.yaml、values.schema.json、CSV表头
容差：路径逐字匹配，结构化文件按解析结果比较
失败边界：任一核心目录缺失、Chart不可读取、站点渲染缺失或交接表无法解析
可观察证据：交付目录、Helm读取结果和CSV解析结果
客观硬性标准：三类交付均存在且可由对应工具读取
阈值：核心交付缺失数为0

检查项：输入材料得到实际使用
优先级：Gate项
所属层级：L3输入数据导入与完整性层
标准答案：Chart名称和应用版本来自baseline/starter，组件别名、镜像摘要和端口来自catalog/component_catalog.json，站点启用范围与渲染参数来自profiles/profile_contract.json，本地子Chart来自vendor_sources/edge-component。
关键字段：name、appVersion、alias、repository、digest、port、profiles.enabled、render_release_name、render_namespace
容差：文本和整数精确匹配，集合不计书写顺序
失败边界：任一主要输入未影响最终Chart、站点values、渲染清单或交接表
可观察证据：输入文件与Chart.yaml、values.yaml、profiles、渲染清单和site_handoff.csv的字段连接
客观硬性标准：每份主要输入都能连接到至少一个交付字段
阈值：未使用的主要输入数为0

检查项：本地依赖可以离线构建
优先级：高权重项
所属层级：L2软件或工具操作层
标准答案：Chart中的依赖别名集合与profile_contract.json的dependency_aliases一致，每个依赖引用vendor_sources/edge-component并绑定对应的components别名开关。helm dependency build生成Chart.lock和依赖包，不请求远程仓库。
关键字段：dependencies.name、alias、version、repository、condition、Chart.lock.dependencies
容差：依赖按alias比较，Chart.lock的generated时间和压缩包二进制封装不计分
失败边界：依赖别名缺失、引用远程地址、开关错位，或从清空的charts目录无法构建
可观察证据：Chart.yaml、Chart.lock、charts目录和Helm命令退出状态
客观硬性标准：全部声明别名都由本地源构建成功，退出码为0
阈值：缺失别名和远程依赖数均为0

检查项：组件值和Schema封闭
优先级：高权重项
所属层级：L7产物结构或Schema或专业对象层
标准答案：values.yaml中每个组件的repository为catalog的registry与repository组合，digest和service.port与catalog相同。values.schema.json要求enabled为布尔值、digest为sha256摘要、端口在有效范围，并拒绝未声明的image.tag。
关键字段：components别名.enabled、别名.image.repository、别名.image.digest、别名.service.port、additionalProperties
容差：字符串和整数精确匹配，JSON键顺序不计分
失败边界：组件值串线、摘要格式放宽、端口越界可通过，或出现可变image.tag入口
可观察证据：component_catalog.json、values.yaml、values.schema.json和helm lint结果
客观硬性标准：全部组件值连接正确，Schema对错误类型和未声明字段返回非0
阈值：组件字段冲突数为0，非法覆盖通过数为0

检查项：站点清单符合角色合同
优先级：高权重项
所属层级：L8运行验证或可执行行为层
标准答案：profile_contract.json中的每个站点角色都有对应values和渲染YAML。渲染结果包含该角色启用组件的Deployment和Service，不包含未启用组件。
关键字段：profiles.name、profiles.enabled、kind、metadata.name、app.kubernetes.io/name
容差：对象按kind与组件名组成的集合比较，YAML文档顺序、注释和空白不计分
失败边界：任一站点缺少渲染结果、启用组件缺对象、未启用组件进入清单或Helm渲染失败
可观察证据：profile_contract.json、profiles目录、helm lint与helm template输出
客观硬性标准：每个站点的对象集合与启用组件集合逐项闭合
阈值：缺失对象和越界对象数均为0

检查项：镜像与端口跨产物一致
优先级：高权重项
所属层级：L9跨产物一致性与可追溯层
标准答案：每个启用组件的Deployment镜像为catalog registry、repository和digest的组合，Deployment容器端口与Service端口都等于catalog中的port，镜像不命中profile_contract.json的禁用registry和tag模式。
关键字段：Deployment.spec.template.spec.containers.image、containerPort、Service.spec.ports.port、prohibited_registry_patterns、prohibited_tag_patterns
容差：镜像逐字匹配，端口按整数匹配
失败边界：出现公网registry、可变标签、缺少摘要、端口不一致或交接表与清单不同
可观察证据：component_catalog.json、profile_contract.json、渲染YAML和site_handoff.csv
客观硬性标准：全部启用组件的镜像和端口都能反向连接catalog
阈值：镜像或端口冲突数为0

检查项：现场交接表可直接使用
优先级：普通项
所属层级：L5多源关联与字段一致性层
标准答案：site_handoff.csv表头为profile、component、deployment、service、image、service_port。每行主键为profile与component，行集合由profile合同的启用关系推导，字段来自对应渲染对象。
关键字段：profile、component、deployment、service、image、service_port
容差：行序不计分，字段按主键精确比较
失败边界：主键重复、启用关系漏行、字段无法连接到渲染对象或表头改变
可观察证据：site_handoff.csv、profile_contract.json和渲染YAML
客观硬性标准：主键唯一，行集合完整，所有字段与清单一致
阈值：重复、缺失和字段冲突数均为0

检查项：交付内容便于后续维护
优先级：辅助项
所属层级：L1任务指令遵循层
标准答案：Chart、站点values和交接表使用UTF-8，组件名称保持输入原文字面，说明文字能够让现场值班识别各文件用途。
关键字段：文件编码、组件名、CSV列名和Chart说明
容差：自然语言措辞可以调整，结构化标识不能变化
失败边界：出现乱码、组件改名导致无法连接，或文件用途无法辨认
可观察证据：交付文件内容和输入README.txt
客观硬性标准：结构化标识保持一致，文件可正常显示
阈值：乱码和无法连接的标识数为0","支持的操作系统包括Windows11，主软件为Helm3.18.4，使用原生Windows版本和PowerShell7。Helm需要实际完成dependency build、lint和template，普通YAML拼接不能替代这些操作。

辅助工具为Python3.12、UTF-8文本编辑器和CSV查看器，不需要第三方Python包。软件安装阶段需要联网，开始处理输入后不访问外部仓库、OCI registry或Kubernetes集群。Helm按Apache License2.0使用，输入材料为自造脱敏配置，可公开处理。

建议准备2核CPU、2GB可用内存和500MB可写磁盘，不需要GPU。输入权限为读取input_data，输出权限为在交付目录创建文件和子目录。单次依赖构建和三类站点渲染应在5分钟内完成。现场风险主要是本地依赖未随介质交付、镜像摘要被可变标签替代，以及站点角色启用范围与交接表不一致。","1.读取input_data中的组件目录、站点角色和本地子Chart，并核对baseline/starter的现状
2.在根Chart声明本地依赖，按组件目录整理values、values.schema.json和各站点values
3.运行helm dependency build生成离线依赖包和Chart.lock
4.对每份站点values运行helm lint和helm template，把清单写入output/rendered
5.从渲染清单提取Deployment、Service、镜像和端口，生成site_handoff.csv并回查组件目录",任务规格转化.xlsx,是,用户883679,2026-08-12
